{
  "Total" : {
    "transaction" : "Total",
    "sampleCount" : 1173,
    "errorCount" : 1173,
    "errorPct" : 100.0,
    "meanResTime" : 5008.763000852509,
    "medianResTime" : 5008.0,
    "minResTime" : 5000.0,
    "maxResTime" : 5025.0,
    "pct1ResTime" : 5015.0,
    "pct2ResTime" : 5016.0,
    "pct3ResTime" : 5017.0,
    "throughput" : 9.403559403559404,
    "receivedKBytesPerSec" : 24.877189867424242,
    "sentKBytesPerSec" : 0.0
  },
  "GET /actuator/health" : {
    "transaction" : "GET /actuator/health",
    "sampleCount" : 1173,
    "errorCount" : 1173,
    "errorPct" : 100.0,
    "meanResTime" : 5008.763000852509,
    "medianResTime" : 5008.0,
    "minResTime" : 5000.0,
    "maxResTime" : 5025.0,
    "pct1ResTime" : 5015.0,
    "pct2ResTime" : 5016.0,
    "pct3ResTime" : 5017.0,
    "throughput" : 9.403559403559404,
    "receivedKBytesPerSec" : 24.877189867424242,
    "sentKBytesPerSec" : 0.0
  }
}